ID,ROUGE-1,ROUGE-2,ROUGE-L,BLEU,BERTScore_P,BERTScore_R,BERTScore_F1,METEOR,FKGL,DCRS,CLI,LENS
0,0.5789473684210527,0.27777777777777773,0.5789473684210527,10.612066583971616,0.9502087831497192,0.9383108019828796,0.9442223906517029,0.43434633027522923,9.785555555555558,6.283744444444444,7.044444444444444,11.0
1,0.06666666666666667,0.0,0.06666666666666667,2.5540496664715904,0.8849074244499207,0.892720103263855,0.8887966275215149,0.0617283950617284,7.612500000000001,8.377600000000001,6.274999999999999,11.0
